9170250,India Cellular,0.0112
9170251,India Cellular,0.0112
9170252,India Cellular,0.0112
9170253,India Cellular,0.0112
9170254,India Cellular,0.0112
9170255,India Cellular,0.0112
9170256,India Cellular,0.0112
9170257,India Cellular,0.0112
9170258,India Cellular,0.0112
9170259,India Cellular,0.0112
9170260,India Cellular,0.0112
9170261,India Cellular,0.0112
9170262,India Cellular,0.0112
9170263,India Cellular,0.0112
9170264,India Cellular,0.0112
9170265,India Cellular,0.0112
9170266,India Cellular,0.0112
9170267,India Cellular,0.0112
9170268,India Cellular,0.0112
9170269,India Cellular,0.0112
9170290,India Cellular,0.0112
9170291,India Cellular,0.0112
9170292,India Cellular,0.0112
9170293,India Cellular,0.0112
9170294,India Cellular,0.0112
9170295,India Cellular,0.0112
9170296,India Cellular,0.0112
9170297,India Cellular,0.0112
9170298,India Cellular,0.0112
9170299,India Cellular,0.0112
9170360,India Cellular,0.0112
9170361,India Cellular,0.0112
9170362,India Cellular,0.0112
9170363,India Cellular,0.0112
9170364,India Cellular,0.0112
9170365,India Cellular,0.0112
9170366,India Cellular,0.0112
9170367,India Cellular,0.0112
9170368,India Cellular,0.0112
9170369,India Cellular,0.0112
9170370,India Cellular,0.0112
9170371,India Cellular,0.0112
9170372,India Cellular,0.0112
9170373,India Cellular,0.0112
9170374,India Cellular,0.0112
9170375,India Cellular,0.0112
9170376,India Cellular,0.0112
9170377,India Cellular,0.0112
9170378,India Cellular,0.0112
9170379,India Cellular,0.0112
9170380,India Cellular,0.0112
9170381,India Cellular,0.0112
9170382,India Cellular,0.0112
9170383,India Cellular,0.0112
9170384,India Cellular,0.0112
9170385,India Cellular,0.0112
9170386,India Cellular,0.0112
9170387,India Cellular,0.0112
9170388,India Cellular,0.0112
9170389,India Cellular,0.0112
9170390,India Cellular,0.0112
9170391,India Cellular,0.0112
9170392,India Cellular,0.0112
9170393,India Cellular,0.0112
9170394,India Cellular,0.0112
9170395,India Cellular,0.0112
9170396,India Cellular,0.0112
9170397,India Cellular,0.0112
9170398,India Cellular,0.0112
9170399,India Cellular,0.0112
9170410,India Cellular,0.0112
9170411,India Cellular,0.0112
9170412,India Cellular,0.0112
9170413,India Cellular,0.0112
9170414,India Cellular,0.0112
9170415,India Cellular,0.0112
9170416,India Cellular,0.0112
9170417,India Cellular,0.0112
9170418,India Cellular,0.0112
9170419,India Cellular,0.0112
9170460,India Cellular,0.0112
9170461,India Cellular,0.0112
9170462,India Cellular,0.0112
9170463,India Cellular,0.0112
9170464,India Cellular,0.0112
9170465,India Cellular,0.0112
9170466,India Cellular,0.0112
9170467,India Cellular,0.0112
9170468,India Cellular,0.0112
9170469,India Cellular,0.0112
917101,India Cellular,0.0112
917107,India Cellular,0.0112
917108,India Cellular,0.0112
917110,India Cellular,0.0112
917111,India Cellular,0.0112
917117,India Cellular,0.0112
917119,India Cellular,0.0112
917130,India Cellular,0.0112
917140,India Cellular,0.0112
917159,India Cellular,0.0112
917163,India Cellular,0.0112
917190,India Cellular,0.0112
917191,India Cellular,0.0112
917192,India Cellular,0.0112
917193,India Cellular,0.0112
917194,India Cellular,0.0112
917195,India Cellular,0.0112
917200,India Cellular,0.0112
917204,India Cellular,0.0112
917205,India Cellular,0.0112
917206,India Cellular,0.0112
917207,India Cellular,0.0112
917208,India Cellular,0.0112
917209,India Cellular,0.0112
917250,India Cellular,0.0112
917259,India Cellular,0.0112
917275,India Cellular,0.0112
917276,India Cellular,0.0112
917277,India Cellular,0.0112
917278,India Cellular,0.0112
917293,India Cellular,0.0112
917298,India Cellular,0.0112
917299,India Cellular,0.0112
917301,India Cellular,0.0112
917302,India Cellular,0.0112
917303,India Cellular,0.0112
917304,India Cellular,0.0112
917305,India Cellular,0.0112
917306,India Cellular,0.0112
917307,India Cellular,0.0112
917308,India Cellular,0.0112
917309,India Cellular,0.0112
91735,India Cellular,0.0112
917373,India Cellular,0.0112
917377,India Cellular,0.0112
917378,India Cellular,0.0112
917379,India Cellular,0.0112
917381,India Cellular,0.0112
917383,India Cellular,0.0112
917384,India Cellular,0.0112
917385,India Cellular,0.0112
917386,India Cellular,0.0112
917387,India Cellular,0.0112
917388,India Cellular,0.0112
917389,India Cellular,0.0112
917396,India Cellular,0.0112
917398,India Cellular,0.0112
917399,India Cellular,0.0112
917401,India Cellular,0.0112
917402,India Cellular,0.0112
917403,India Cellular,0.0112
917404,India Cellular,0.0112
917405,India Cellular,0.0112
917406,India Cellular,0.0112
917407,India Cellular,0.0112
917408,India Cellular,0.0112
917409,India Cellular,0.0112
917411,India Cellular,0.0112
917415,India Cellular,0.0112
917416,India Cellular,0.0112
917417,India Cellular,0.0112
917418,India Cellular,0.0112
917419,India Cellular,0.0112
917428,India Cellular,0.0112
917429,India Cellular,0.0112
917439,India Cellular,0.0112
917483,India Cellular,0.0112
917488,India Cellular,0.0112
917489,India Cellular,0.0112
917498,India Cellular,0.0112
917499,India Cellular,0.0112
91750,India Cellular,0.0112
917520,India Cellular,0.0112
9175268,India Cellular,0.0112
9175269,India Cellular,0.0112
9175270,India Cellular,0.0112
9175278,India Cellular,0.0112
9175279,India Cellular,0.0112
9175280,India Cellular,0.0112
9175288,India Cellular,0.0112
9175289,India Cellular,0.0112
9175290,India Cellular,0.0112
9175298,India Cellular,0.0112
9175338,India Cellular,0.0112
9175339,India Cellular,0.0112
9175340,India Cellular,0.0112
9175348,India Cellular,0.0112
9175349,India Cellular,0.0112
9175350,India Cellular,0.0112
9175358,India Cellular,0.0112
9175359,India Cellular,0.0112
9175360,India Cellular,0.0112
9175368,India Cellular,0.0112
917549,India Cellular,0.0112
9175580,India Cellular,0.0112
9175588,India Cellular,0.0112
9175589,India Cellular,0.0112
9175590,India Cellular,0.0112
9175598,India Cellular,0.0112
9175599,India Cellular,0.0112
9175608,India Cellular,0.0112
9175609,India Cellular,0.0112
9175610,India Cellular,0.0112
9175618,India Cellular,0.0112
9175619,India Cellular,0.0112
9175620,India Cellular,0.0112
9175628,India Cellular,0.0112
9175629,India Cellular,0.0112
9175630,India Cellular,0.0112
9175638,India Cellular,0.0112
9175639,India Cellular,0.0112
9175640,India Cellular,0.0112
9175648,India Cellular,0.0112
9175649,India Cellular,0.0112
917566,India Cellular,0.0112
917567,India Cellular,0.0112
917568,India Cellular,0.0112
917569,India Cellular,0.0112
917600,India Cellular,0.0112
9176010,India Cellular,0.0112
9176018,India Cellular,0.0112
9176019,India Cellular,0.0112
917602,India Cellular,0.0112
9176038,India Cellular,0.0112
9176039,India Cellular,0.0112
9176048,India Cellular,0.0112
9176049,India Cellular,0.0112
917607,India Cellular,0.0112
9176170,India Cellular,0.0112
9176178,India Cellular,0.0112
9176180,India Cellular,0.0112
9176188,India Cellular,0.0112
9176189,India Cellular,0.0112
9176190,India Cellular,0.0112
9176198,India Cellular,0.0112
9176199,India Cellular,0.0112
917620,India Cellular,0.0112
9176210,India Cellular,0.0112
9176218,India Cellular,0.0112
9176219,India Cellular,0.0112
9176220,India Cellular,0.0112
9176228,India Cellular,0.0112
9176229,India Cellular,0.0112
9176230,India Cellular,0.0112
9176238,India Cellular,0.0112
9176239,India Cellular,0.0112
9176240,India Cellular,0.0112
917631,India Cellular,0.0112
917639,India Cellular,0.0112
917654,India Cellular,0.0112
9176589,India Cellular,0.0112
9176590,India Cellular,0.0112
9176598,India Cellular,0.0112
9176599,India Cellular,0.0112
9176600,India Cellular,0.0112
9176608,India Cellular,0.0112
9176609,India Cellular,0.0112
9176610,India Cellular,0.0112
9176618,India Cellular,0.0112
9176619,India Cellular,0.0112
9176620,India Cellular,0.0112
9176628,India Cellular,0.0112
9176629,India Cellular,0.0112
9176630,India Cellular,0.0112
9176638,India Cellular,0.0112
9176639,India Cellular,0.0112
9176640,India Cellular,0.0112
9176648,India Cellular,0.0112
9176649,India Cellular,0.0112
917665,India Cellular,0.0112
917666,India Cellular,0.0112
917667,India Cellular,0.0112
917668,India Cellular,0.0112
917669,India Cellular,0.0112
9176700,India Cellular,0.0112
9176708,India Cellular,0.0112
9176709,India Cellular,0.0112
9176710,India Cellular,0.0112
9176718,India Cellular,0.0112
9176719,India Cellular,0.0112
9176720,India Cellular,0.0112
9176728,India Cellular,0.0112
9176729,India Cellular,0.0112
9176730,India Cellular,0.0112
9176738,India Cellular,0.0112
917676,India Cellular,0.0112
917677,India Cellular,0.0112
9176788,India Cellular,0.0112
9176789,India Cellular,0.0112
917679,India Cellular,0.0112
9176888,India Cellular,0.0112
9176889,India Cellular,0.0112
9176890,India Cellular,0.0112
9176898,India Cellular,0.0112
9176899,India Cellular,0.0112
9176900,India Cellular,0.0112
9176908,India Cellular,0.0112
9176909,India Cellular,0.0112
9176910,India Cellular,0.0112
9176918,India Cellular,0.0112
9176919,India Cellular,0.0112
9176920,India Cellular,0.0112
9176928,India Cellular,0.0112
9176929,India Cellular,0.0112
9176930,India Cellular,0.0112
9176938,India Cellular,0.0112
9176939,India Cellular,0.0112
9176940,India Cellular,0.0112
9176948,India Cellular,0.0112
9176949,India Cellular,0.0112
9176950,India Cellular,0.0112
9176958,India Cellular,0.0112
9176959,India Cellular,0.0112
917696,India Cellular,0.0112
917697,India Cellular,0.0112
917698,India Cellular,0.0112
917699,India Cellular,0.0112
917702,India Cellular,0.0112
917708,India Cellular,0.0112
917709,India Cellular,0.0112
9177190,India Cellular,0.0112
9177198,India Cellular,0.0112
9177199,India Cellular,0.0112
9177200,India Cellular,0.0112
9177208,India Cellular,0.0112
9177209,India Cellular,0.0112
9177210,India Cellular,0.0112
9177218,India Cellular,0.0112
9177219,India Cellular,0.0112
9177220,India Cellular,0.0112
9177228,India Cellular,0.0112
9177229,India Cellular,0.0112
9177230,India Cellular,0.0112
9177238,India Cellular,0.0112
9177239,India Cellular,0.0112
9177240,India Cellular,0.0112
9177248,India Cellular,0.0112
9177249,India Cellular,0.0112
9177250,India Cellular,0.0112
9177258,India Cellular,0.0112
9177290,India Cellular,0.0112
9177298,India Cellular,0.0112
9177299,India Cellular,0.0112
9177300,India Cellular,0.0112
9177308,India Cellular,0.0112
9177309,India Cellular,0.0112
9177310,India Cellular,0.0112
9177318,India Cellular,0.0112
9177319,India Cellular,0.0112
9177320,India Cellular,0.0112
9177328,India Cellular,0.0112
9177329,India Cellular,0.0112
9177330,India Cellular,0.0112
9177338,India Cellular,0.0112
9177339,India Cellular,0.0112
9177340,India Cellular,0.0112
9177348,India Cellular,0.0112
9177349,India Cellular,0.0112
917735,India Cellular,0.0112
917736,India Cellular,0.0112
917737,India Cellular,0.0112
917738,India Cellular,0.0112
917739,India Cellular,0.0112
9177408,India Cellular,0.0112
9177409,India Cellular,0.0112
9177410,India Cellular,0.0112
9177418,India Cellular,0.0112
9177419,India Cellular,0.0112
917742,India Cellular,0.0112
9177438,India Cellular,0.0112
9177439,India Cellular,0.0112
9177440,India Cellular,0.0112
9177448,India Cellular,0.0112
9177449,India Cellular,0.0112
9177450,India Cellular,0.0112
9177458,India Cellular,0.0112
9177459,India Cellular,0.0112
9177460,India Cellular,0.0112
9177468,India Cellular,0.0112
9177469,India Cellular,0.0112
9177470,India Cellular,0.0112
9177478,India Cellular,0.0112
9177479,India Cellular,0.0112
9177480,India Cellular,0.0112
9177488,India Cellular,0.0112
9177489,India Cellular,0.0112
917760,India Cellular,0.0112
9177639,India Cellular,0.0112
9177640,India Cellular,0.0112
9177648,India Cellular,0.0112
9177649,India Cellular,0.0112
9177650,India Cellular,0.0112
9177658,India Cellular,0.0112
9177659,India Cellular,0.0112
9177660,India Cellular,0.0112
9177668,India Cellular,0.0112
9177669,India Cellular,0.0112
9177670,India Cellular,0.0112
9177678,India Cellular,0.0112
9177679,India Cellular,0.0112
9177680,India Cellular,0.0112
9177688,India Cellular,0.0112
9177689,India Cellular,0.0112
9177690,India Cellular,0.0112
9177698,India Cellular,0.0112
9177699,India Cellular,0.0112
9177700,India Cellular,0.0112
9177708,India Cellular,0.0112
9177709,India Cellular,0.0112
9177710,India Cellular,0.0112
9177718,India Cellular,0.0112
9177719,India Cellular,0.0112
9177720,India Cellular,0.0112
9177728,India Cellular,0.0112
9177729,India Cellular,0.0112
9177730,India Cellular,0.0112
9177738,India Cellular,0.0112
9177739,India Cellular,0.0112
9177740,India Cellular,0.0112
9177748,India Cellular,0.0112
9177749,India Cellular,0.0112
9177750,India Cellular,0.0112
9177758,India Cellular,0.0112
9177759,India Cellular,0.0112
9177760,India Cellular,0.0112
9177768,India Cellular,0.0112
9177769,India Cellular,0.0112
9177779,India Cellular,0.0112
9177780,India Cellular,0.0112
9177788,India Cellular,0.0112
9177789,India Cellular,0.0112
9177790,India Cellular,0.0112
9177798,India Cellular,0.0112
9177799,India Cellular,0.0112
9177810,India Cellular,0.0112
9177818,India Cellular,0.0112
9177819,India Cellular,0.0112
9177820,India Cellular,0.0112
9177828,India Cellular,0.0112
9177829,India Cellular,0.0112
9177830,India Cellular,0.0112
9177838,India Cellular,0.0112
9177839,India Cellular,0.0112
9177840,India Cellular,0.0112
9177848,India Cellular,0.0112
9177849,India Cellular,0.0112
9177850,India Cellular,0.0112
9177858,India Cellular,0.0112
9177859,India Cellular,0.0112
9177860,India Cellular,0.0112
9177868,India Cellular,0.0112
9177869,India Cellular,0.0112
9177870,India Cellular,0.0112
9177878,India Cellular,0.0112
9177879,India Cellular,0.0112
9177880,India Cellular,0.0112
9177888,India Cellular,0.0112
9177889,India Cellular,0.0112
9177890,India Cellular,0.0112
9177898,India Cellular,0.0112
9177899,India Cellular,0.0112
9177900,India Cellular,0.0112
9177908,India Cellular,0.0112
9177909,India Cellular,0.0112
9177910,India Cellular,0.0112
9177918,India Cellular,0.0112
9177919,India Cellular,0.0112
9177920,India Cellular,0.0112
9177928,India Cellular,0.0112
9177929,India Cellular,0.0112
9177930,India Cellular,0.0112
9177938,India Cellular,0.0112
9177939,India Cellular,0.0112
9177940,India Cellular,0.0112
9177948,India Cellular,0.0112
9177949,India Cellular,0.0112
917795,India Cellular,0.0112
917796,India Cellular,0.0112
917797,India Cellular,0.0112
917798,India Cellular,0.0112
917799,India Cellular,0.0112
917800,India Cellular,0.0112
9178010,India Cellular,0.0112
9178018,India Cellular,0.0112
9178019,India Cellular,0.0112
9178020,India Cellular,0.0112
9178028,India Cellular,0.0112
9178029,India Cellular,0.0112
9178030,India Cellular,0.0112
9178038,India Cellular,0.0112
9178039,India Cellular,0.0112
9178040,India Cellular,0.0112
9178048,India Cellular,0.0112
9178049,India Cellular,0.0112
9178050,India Cellular,0.0112
9178058,India Cellular,0.0112
9178059,India Cellular,0.0112
9178060,India Cellular,0.0112
9178068,India Cellular,0.0112
9178069,India Cellular,0.0112
917807,India Cellular,0.0112
917808,India Cellular,0.0112
917809,India Cellular,0.0112
9178100,India Cellular,0.0112
9178108,India Cellular,0.0112
9178109,India Cellular,0.0112
9178110,India Cellular,0.0112
9178118,India Cellular,0.0112
9178119,India Cellular,0.0112
9178120,India Cellular,0.0112
9178128,India Cellular,0.0112
9178129,India Cellular,0.0112
9178130,India Cellular,0.0112
9178138,India Cellular,0.0112
9178139,India Cellular,0.0112
917814,India Cellular,0.0112
9178150,India Cellular,0.0112
9178158,India Cellular,0.0112
9178159,India Cellular,0.0112
9178160,India Cellular,0.0112
9178168,India Cellular,0.0112
9178169,India Cellular,0.0112
9178170,India Cellular,0.0112
9178178,India Cellular,0.0112
9178179,India Cellular,0.0112
9178180,India Cellular,0.0112
9178188,India Cellular,0.0112
9178189,India Cellular,0.0112
9178190,India Cellular,0.0112
9178198,India Cellular,0.0112
9178199,India Cellular,0.0112
9178200,India Cellular,0.0112
9178208,India Cellular,0.0112
9178209,India Cellular,0.0112
9178210,India Cellular,0.0112
9178218,India Cellular,0.0112
9178219,India Cellular,0.0112
9178220,India Cellular,0.0112
9178228,India Cellular,0.0112
9178229,India Cellular,0.0112
9178230,India Cellular,0.0112
9178238,India Cellular,0.0112
9178239,India Cellular,0.0112
9178240,India Cellular,0.0112
9178248,India Cellular,0.0112
9178249,India Cellular,0.0112
9178250,India Cellular,0.0112
9178258,India Cellular,0.0112
9178259,India Cellular,0.0112
9178260,India Cellular,0.0112
9178268,India Cellular,0.0112
9178269,India Cellular,0.0112
917827,India Cellular,0.0112
917828,India Cellular,0.0112
917829,India Cellular,0.0112
917830,India Cellular,0.0112
9178310,India Cellular,0.0112
9178318,India Cellular,0.0112
9178319,India Cellular,0.0112
9178320,India Cellular,0.0112
9178328,India Cellular,0.0112
9178329,India Cellular,0.0112
9178330,India Cellular,0.0112
9178338,India Cellular,0.0112
9178339,India Cellular,0.0112
9178340,India Cellular,0.0112
9178348,India Cellular,0.0112
9178349,India Cellular,0.0112
9178350,India Cellular,0.0112
9178358,India Cellular,0.0112
9178359,India Cellular,0.0112
9178360,India Cellular,0.0112
9178368,India Cellular,0.0112
9178369,India Cellular,0.0112
917837,India Cellular,0.0112
917838,India Cellular,0.0112
9178400,India Cellular,0.0112
9178408,India Cellular,0.0112
9178409,India Cellular,0.0112
9178410,India Cellular,0.0112
9178418,India Cellular,0.0112
9178419,India Cellular,0.0112
917842,India Cellular,0.0112
9178430,India Cellular,0.0112
9178438,India Cellular,0.0112
9178439,India Cellular,0.0112
9178440,India Cellular,0.0112
9178448,India Cellular,0.0112
9178449,India Cellular,0.0112
917845,India Cellular,0.0112
9178460,India Cellular,0.0112
9178468,India Cellular,0.0112
9178469,India Cellular,0.0112
9178470,India Cellular,0.0112
9178478,India Cellular,0.0112
9178479,India Cellular,0.0112
9178480,India Cellular,0.0112
9178488,India Cellular,0.0112
9178489,India Cellular,0.0112
9178490,India Cellular,0.0112
9178498,India Cellular,0.0112
9178499,India Cellular,0.0112
9178500,India Cellular,0.0112
9178508,India Cellular,0.0112
9178509,India Cellular,0.0112
9178510,India Cellular,0.0112
9178518,India Cellular,0.0112
9178519,India Cellular,0.0112
9178520,India Cellular,0.0112
9178528,India Cellular,0.0112
9178529,India Cellular,0.0112
9178530,India Cellular,0.0112
9178538,India Cellular,0.0112
9178539,India Cellular,0.0112
9178540,India Cellular,0.0112
9178548,India Cellular,0.0112
9178549,India Cellular,0.0112
9178550,India Cellular,0.0112
9178558,India Cellular,0.0112
9178559,India Cellular,0.0112
9178560,India Cellular,0.0112
9178568,India Cellular,0.0112
9178569,India Cellular,0.0112
9178570,India Cellular,0.0112
9178578,India Cellular,0.0112
9178579,India Cellular,0.0112
9178580,India Cellular,0.0112
9178588,India Cellular,0.0112
9178589,India Cellular,0.0112
9178590,India Cellular,0.0112
9178598,India Cellular,0.0112
9178599,India Cellular,0.0112
917860,India Cellular,0.0112
9178610,India Cellular,0.0112
9178618,India Cellular,0.0112
9178619,India Cellular,0.0112
9178620,India Cellular,0.0112
9178628,India Cellular,0.0112
9178629,India Cellular,0.0112
9178630,India Cellular,0.0112
9178638,India Cellular,0.0112
9178639,India Cellular,0.0112
9178640,India Cellular,0.0112
9178648,India Cellular,0.0112
9178649,India Cellular,0.0112
9178650,India Cellular,0.0112
9178658,India Cellular,0.0112
9178659,India Cellular,0.0112
9178660,India Cellular,0.0112
9178668,India Cellular,0.0112
9178669,India Cellular,0.0112
9178670,India Cellular,0.0112
9178678,India Cellular,0.0112
9178679,India Cellular,0.0112
9178680,India Cellular,0.0112
9178688,India Cellular,0.0112
9178689,India Cellular,0.0112
917869,India Cellular,0.0112
91787,India Cellular,0.0112
91789,India Cellular,0.0112
918000,India Cellular,0.0112
918001,India Cellular,0.0112
918002,India Cellular,0.0112
918003,India Cellular,0.0112
918006,India Cellular,0.0112
918007,India Cellular,0.0112
918008,India Cellular,0.0112
918009,India Cellular,0.0112
91801,India Cellular,0.0112
91805,India Cellular,0.0112
91808,India Cellular,0.0112
91809,India Cellular,0.0112
91810,India Cellular,0.0112
9181100,India Cellular,0.0112
9181108,India Cellular,0.0112
9181109,India Cellular,0.0112
9181110,India Cellular,0.0112
9181118,India Cellular,0.0112
9181119,India Cellular,0.0112
9181130,India Cellular,0.0112
9181138,India Cellular,0.0112
9181139,India Cellular,0.0112
918115,India Cellular,0.0112
918116,India Cellular,0.0112
9181170,India Cellular,0.0112
9181178,India Cellular,0.0112
9181179,India Cellular,0.0112
9181180,India Cellular,0.0112
9181188,India Cellular,0.0112
9181189,India Cellular,0.0112
9181190,India Cellular,0.0112
9181198,India Cellular,0.0112
9181199,India Cellular,0.0112
91812,India Cellular,0.0112
918130,India Cellular,0.0112
9181310,India Cellular,0.0112
9181318,India Cellular,0.0112
9181319,India Cellular,0.0112
9181320,India Cellular,0.0112
9181328,India Cellular,0.0112
9181329,India Cellular,0.0112
9181330,India Cellular,0.0112
9181338,India Cellular,0.0112
9181339,India Cellular,0.0112
9181340,India Cellular,0.0112
9181348,India Cellular,0.0112
9181349,India Cellular,0.0112
9181350,India Cellular,0.0112
9181358,India Cellular,0.0112
9181359,India Cellular,0.0112
9181360,India Cellular,0.0112
9181368,India Cellular,0.0112
9181369,India Cellular,0.0112
9181370,India Cellular,0.0112
9181378,India Cellular,0.0112
9181379,India Cellular,0.0112
9181380,India Cellular,0.0112
9181388,India Cellular,0.0112
9181389,India Cellular,0.0112
9181390,India Cellular,0.0112
9181398,India Cellular,0.0112
9181399,India Cellular,0.0112
91814,India Cellular,0.0112
9181500,India Cellular,0.0112
9181508,India Cellular,0.0112
9181509,India Cellular,0.0112
9181510,India Cellular,0.0112
9181518,India Cellular,0.0112
9181519,India Cellular,0.0112
9181520,India Cellular,0.0112
9181528,India Cellular,0.0112
9181529,India Cellular,0.0112
9181530,India Cellular,0.0112
9181538,India Cellular,0.0112
9181539,India Cellular,0.0112
9181540,India Cellular,0.0112
9181548,India Cellular,0.0112
9181549,India Cellular,0.0112
9181550,India Cellular,0.0112
9181558,India Cellular,0.0112
9181559,India Cellular,0.0112
9181560,India Cellular,0.0112
9181568,India Cellular,0.0112
9181569,India Cellular,0.0112
9181570,India Cellular,0.0112
9181578,India Cellular,0.0112
9181579,India Cellular,0.0112
9181580,India Cellular,0.0112
9181588,India Cellular,0.0112
9181589,India Cellular,0.0112
9181590,India Cellular,0.0112
9181598,India Cellular,0.0112
9181599,India Cellular,0.0112
9181700,India Cellular,0.0112
9181708,India Cellular,0.0112
9181709,India Cellular,0.0112
918171,India Cellular,0.0112
9181720,India Cellular,0.0112
9181728,India Cellular,0.0112
9181729,India Cellular,0.0112
9181730,India Cellular,0.0112
9181738,India Cellular,0.0112
9181739,India Cellular,0.0112
9181740,India Cellular,0.0112
9181748,India Cellular,0.0112
9181749,India Cellular,0.0112
9181750,India Cellular,0.0112
9181758,India Cellular,0.0112
9181759,India Cellular,0.0112
9181760,India Cellular,0.0112
9181768,India Cellular,0.0112
9181769,India Cellular,0.0112
9181770,India Cellular,0.0112
9181778,India Cellular,0.0112
9181779,India Cellular,0.0112
918179,India Cellular,0.0112
9181800,India Cellular,0.0112
9181808,India Cellular,0.0112
9181809,India Cellular,0.0112
9181810,India Cellular,0.0112
9181818,India Cellular,0.0112
9181819,India Cellular,0.0112
9181820,India Cellular,0.0112
9181828,India Cellular,0.0112
9181829,India Cellular,0.0112
9181830,India Cellular,0.0112
9181838,India Cellular,0.0112
9181839,India Cellular,0.0112
9181840,India Cellular,0.0112
9181848,India Cellular,0.0112
9181849,India Cellular,0.0112
9181850,India Cellular,0.0112
9181858,India Cellular,0.0112
9181859,India Cellular,0.0112
9181860,India Cellular,0.0112
9181868,India Cellular,0.0112
9181869,India Cellular,0.0112
9181870,India Cellular,0.0112
9181878,India Cellular,0.0112
9181879,India Cellular,0.0112
9181880,India Cellular,0.0112
9181888,India Cellular,0.0112
9181889,India Cellular,0.0112
9181890,India Cellular,0.0112
9181898,India Cellular,0.0112
9181899,India Cellular,0.0112
9181900,India Cellular,0.0112
9181908,India Cellular,0.0112
9181909,India Cellular,0.0112
9181910,India Cellular,0.0112
9181918,India Cellular,0.0112
9181919,India Cellular,0.0112
9181920,India Cellular,0.0112
9181928,India Cellular,0.0112
9181929,India Cellular,0.0112
9181930,India Cellular,0.0112
9181938,India Cellular,0.0112
9181939,India Cellular,0.0112
9181940,India Cellular,0.0112
9181948,India Cellular,0.0112
9181949,India Cellular,0.0112
9181950,India Cellular,0.0112
9181958,India Cellular,0.0112
9181959,India Cellular,0.0112
9181960,India Cellular,0.0112
9181968,India Cellular,0.0112
9181969,India Cellular,0.0112
918197,India Cellular,0.0112
9181980,India Cellular,0.0112
9181988,India Cellular,0.0112
9181989,India Cellular,0.0112
9181990,India Cellular,0.0112
9181998,India Cellular,0.0112
9181999,India Cellular,0.0112
918220,India Cellular,0.0112
9182210,India Cellular,0.0112
9182218,India Cellular,0.0112
9182219,India Cellular,0.0112
9182220,India Cellular,0.0112
9182228,India Cellular,0.0112
9182229,India Cellular,0.0112
9182230,India Cellular,0.0112
9182238,India Cellular,0.0112
9182239,India Cellular,0.0112
9182240,India Cellular,0.0112
9182248,India Cellular,0.0112
9182249,India Cellular,0.0112
9182250,India Cellular,0.0112
9182258,India Cellular,0.0112
9182259,India Cellular,0.0112
9182260,India Cellular,0.0112
9182268,India Cellular,0.0112
9182269,India Cellular,0.0112
9182270,India Cellular,0.0112
9182278,India Cellular,0.0112
9182279,India Cellular,0.0112
9182280,India Cellular,0.0112
9182288,India Cellular,0.0112
9182289,India Cellular,0.0112
9182290,India Cellular,0.0112
9182298,India Cellular,0.0112
9182299,India Cellular,0.0112
9182300,India Cellular,0.0112
9182308,India Cellular,0.0112
9182309,India Cellular,0.0112
9182310,India Cellular,0.0112
9182318,India Cellular,0.0112
9182319,India Cellular,0.0112
9182320,India Cellular,0.0112
9182328,India Cellular,0.0112
9182329,India Cellular,0.0112
918233,India Cellular,0.0112
9182340,India Cellular,0.0112
9182348,India Cellular,0.0112
9182349,India Cellular,0.0112
918235,India Cellular,0.0112
9182360,India Cellular,0.0112
9182368,India Cellular,0.0112
9182369,India Cellular,0.0112
918237,India Cellular,0.0112
918238,India Cellular,0.0112
918239,India Cellular,0.0112
9182510,India Cellular,0.0112
9182518,India Cellular,0.0112
9182519,India Cellular,0.0112
918252,India Cellular,0.0112
9182530,India Cellular,0.0112
9182538,India Cellular,0.0112
9182539,India Cellular,0.0112
9182540,India Cellular,0.0112
9182548,India Cellular,0.0112
9182549,India Cellular,0.0112
9182550,India Cellular,0.0112
9182558,India Cellular,0.0112
9182559,India Cellular,0.0112
9182560,India Cellular,0.0112
9182568,India Cellular,0.0112
9182569,India Cellular,0.0112
9182570,India Cellular,0.0112
9182578,India Cellular,0.0112
9182579,India Cellular,0.0112
9182580,India Cellular,0.0112
9182588,India Cellular,0.0112
9182589,India Cellular,0.0112
9182590,India Cellular,0.0112
9182598,India Cellular,0.0112
9182599,India Cellular,0.0112
918260,India Cellular,0.0112
9182610,India Cellular,0.0112
9182618,India Cellular,0.0112
9182619,India Cellular,0.0112
9182620,India Cellular,0.0112
9182628,India Cellular,0.0112
9182629,India Cellular,0.0112
9182630,India Cellular,0.0112
9182638,India Cellular,0.0112
9182639,India Cellular,0.0112
918264,India Cellular,0.0112
9182650,India Cellular,0.0112
9182658,India Cellular,0.0112
9182659,India Cellular,0.0112
9182660,India Cellular,0.0112
9182668,India Cellular,0.0112
9182669,India Cellular,0.0112
9182670,India Cellular,0.0112
9182678,India Cellular,0.0112
9182679,India Cellular,0.0112
918268,India Cellular,0.0112
918269,India Cellular,0.0112
918270,India Cellular,0.0112
918271,India Cellular,0.0112
9182720,India Cellular,0.0112
9182728,India Cellular,0.0112
9182729,India Cellular,0.0112
918273,India Cellular,0.0112
9182740,India Cellular,0.0112
9182748,India Cellular,0.0112
9182749,India Cellular,0.0112
9182760,India Cellular,0.0112
9182768,India Cellular,0.0112
9182769,India Cellular,0.0112
918278,India Cellular,0.0112
918279,India Cellular,0.0112
9182820,India Cellular,0.0112
9182828,India Cellular,0.0112
9182829,India Cellular,0.0112
9182830,India Cellular,0.0112
9182838,India Cellular,0.0112
9182839,India Cellular,0.0112
9182840,India Cellular,0.0112
9182848,India Cellular,0.0112
9182849,India Cellular,0.0112
918285,India Cellular,0.0112
918286,India Cellular,0.0112
918287,India Cellular,0.0112
9182880,India Cellular,0.0112
9182888,India Cellular,0.0112
9182889,India Cellular,0.0112
9182890,India Cellular,0.0112
918290,India Cellular,0.0112
918291,India Cellular,0.0112
918292,India Cellular,0.0112
918293,India Cellular,0.0112
918294,India Cellular,0.0112
918295,India Cellular,0.0112
918296,India Cellular,0.0112
918297,India Cellular,0.0112
918298,India Cellular,0.0112
918302,India Cellular,0.0112
918303,India Cellular,0.0112
918305,India Cellular,0.0112
918306,India Cellular,0.0112
918307,India Cellular,0.0112
918308,India Cellular,0.0112
9183340,India Cellular,0.0112
9183348,India Cellular,0.0112
9183349,India Cellular,0.0112
9183350,India Cellular,0.0112
9183358,India Cellular,0.0112
9183359,India Cellular,0.0112
9183360,India Cellular,0.0112
9183368,India Cellular,0.0112
9183369,India Cellular,0.0112
9183370,India Cellular,0.0112
9183379,India Cellular,0.0112
9183380,India Cellular,0.0112
9183388,India Cellular,0.0112
9183389,India Cellular,0.0112
9183390,India Cellular,0.0112
9183398,India Cellular,0.0112
9183399,India Cellular,0.0112
918341,India Cellular,0.0112
9183420,India Cellular,0.0112
9183428,India Cellular,0.0112
9183429,India Cellular,0.0112
9183430,India Cellular,0.0112
9183438,India Cellular,0.0112
9183439,India Cellular,0.0112
918344,India Cellular,0.0112
9183450,India Cellular,0.0112
9183458,India Cellular,0.0112
9183459,India Cellular,0.0112
9183460,India Cellular,0.0112
9183468,India Cellular,0.0112
9183469,India Cellular,0.0112
918347,India Cellular,0.0112
918348,India Cellular,0.0112
918349,India Cellular,0.0112
9183500,India Cellular,0.0112
9183508,India Cellular,0.0112
9183509,India Cellular,0.0112
9183510,India Cellular,0.0112
9183518,India Cellular,0.0112
9183519,India Cellular,0.0112
9183520,India Cellular,0.0112
9183528,India Cellular,0.0112
9183529,India Cellular,0.0112
9183530,India Cellular,0.0112
9183538,India Cellular,0.0112
9183539,India Cellular,0.0112
9183540,India Cellular,0.0112
9183548,India Cellular,0.0112
9183549,India Cellular,0.0112
9183550,India Cellular,0.0112
9183558,India Cellular,0.0112
9183559,India Cellular,0.0112
9183560,India Cellular,0.0112
9183568,India Cellular,0.0112
9183569,India Cellular,0.0112
9183570,India Cellular,0.0112
9183578,India Cellular,0.0112
9183579,India Cellular,0.0112
9183580,India Cellular,0.0112
9183588,India Cellular,0.0112
9183589,India Cellular,0.0112
9183590,India Cellular,0.0112
9183598,India Cellular,0.0112
9183599,India Cellular,0.0112
9183700,India Cellular,0.0112
9183708,India Cellular,0.0112
9183709,India Cellular,0.0112
9183710,India Cellular,0.0112
9183718,India Cellular,0.0112
9183719,India Cellular,0.0112
9183720,India Cellular,0.0112
9183728,India Cellular,0.0112
9183729,India Cellular,0.0112
9183730,India Cellular,0.0112
9183738,India Cellular,0.0112
9183739,India Cellular,0.0112
918374,India Cellular,0.0112
9183750,India Cellular,0.0112
9183758,India Cellular,0.0112
9183759,India Cellular,0.0112
9183760,India Cellular,0.0112
9183768,India Cellular,0.0112
9183769,India Cellular,0.0112
9183770,India Cellular,0.0112
9183778,India Cellular,0.0112
9183779,India Cellular,0.0112
9183780,India Cellular,0.0112
9183788,India Cellular,0.0112
9183789,India Cellular,0.0112
9183790,India Cellular,0.0112
9183798,India Cellular,0.0112
9183799,India Cellular,0.0112
9183800,India Cellular,0.0112
9183808,India Cellular,0.0112
9183809,India Cellular,0.0112
9183810,India Cellular,0.0112
9183818,India Cellular,0.0112
9183819,India Cellular,0.0112
9183820,India Cellular,0.0112
9183828,India Cellular,0.0112
9183829,India Cellular,0.0112
9183830,India Cellular,0.0112
9183838,India Cellular,0.0112
9183839,India Cellular,0.0112
9183840,India Cellular,0.0112
9183848,India Cellular,0.0112
9183849,India Cellular,0.0112
9183850,India Cellular,0.0112
9183858,India Cellular,0.0112
9183859,India Cellular,0.0112
9183860,India Cellular,0.0112
9183868,India Cellular,0.0112
9183869,India Cellular,0.0112
9183870,India Cellular,0.0112
9183878,India Cellular,0.0112
9183879,India Cellular,0.0112
9183880,India Cellular,0.0112
9183888,India Cellular,0.0112
9183889,India Cellular,0.0112
9183890,India Cellular,0.0112
9183898,India Cellular,0.0112
9183899,India Cellular,0.0112
918390,India Cellular,0.0112
9183910,India Cellular,0.0112
9183918,India Cellular,0.0112
9183919,India Cellular,0.0112
9183920,India Cellular,0.0112
9183928,India Cellular,0.0112
9183929,India Cellular,0.0112
9183930,India Cellular,0.0112
9183938,India Cellular,0.0112
9183939,India Cellular,0.0112
9183940,India Cellular,0.0112
9183948,India Cellular,0.0112
9183949,India Cellular,0.0112
9183950,India Cellular,0.0112
9183958,India Cellular,0.0112
9183959,India Cellular,0.0112
9183960,India Cellular,0.0112
9183968,India Cellular,0.0112
9183969,India Cellular,0.0112
9183970,India Cellular,0.0112
9183978,India Cellular,0.0112
9183979,India Cellular,0.0112
9183980,India Cellular,0.0112
9183988,India Cellular,0.0112
9183989,India Cellular,0.0112
9183990,India Cellular,0.0112
9183998,India Cellular,0.0112
9183999,India Cellular,0.0112
918400,India Cellular,0.0112
918401,India Cellular,0.0112
9184020,India Cellular,0.0112
9184028,India Cellular,0.0112
9184029,India Cellular,0.0112
9184030,India Cellular,0.0112
9184038,India Cellular,0.0112
9184039,India Cellular,0.0112
9184040,India Cellular,0.0112
9184048,India Cellular,0.0112
9184049,India Cellular,0.0112
9184050,India Cellular,0.0112
9184058,India Cellular,0.0112
9184059,India Cellular,0.0112
9184060,India Cellular,0.0112
9184068,India Cellular,0.0112
9184069,India Cellular,0.0112
9184070,India Cellular,0.0112
9184078,India Cellular,0.0112
9184079,India Cellular,0.0112
9184080,India Cellular,0.0112
9184088,India Cellular,0.0112
9184089,India Cellular,0.0112
918409,India Cellular,0.0112
918410,India Cellular,0.0112
9184110,India Cellular,0.0112
9184118,India Cellular,0.0112
9184119,India Cellular,0.0112
9184120,India Cellular,0.0112
9184128,India Cellular,0.0112
9184129,India Cellular,0.0112
9184130,India Cellular,0.0112
9184138,India Cellular,0.0112
9184139,India Cellular,0.0112
9184140,India Cellular,0.0112
9184148,India Cellular,0.0112
9184149,India Cellular,0.0112
9184150,India Cellular,0.0112
9184158,India Cellular,0.0112
9184159,India Cellular,0.0112
9184160,India Cellular,0.0112
9184168,India Cellular,0.0112
9184169,India Cellular,0.0112
9184170,India Cellular,0.0112
9184178,India Cellular,0.0112
9184179,India Cellular,0.0112
9184180,India Cellular,0.0112
9184188,India Cellular,0.0112
9184189,India Cellular,0.0112
9184190,India Cellular,0.0112
9184198,India Cellular,0.0112
9184199,India Cellular,0.0112
918420,India Cellular,0.0112
918421,India Cellular,0.0112
9184220,India Cellular,0.0112
9184228,India Cellular,0.0112
9184229,India Cellular,0.0112
918423,India Cellular,0.0112
9184240,India Cellular,0.0112
9184248,India Cellular,0.0112
9184249,India Cellular,0.0112
9184250,India Cellular,0.0112
9184258,India Cellular,0.0112
9184259,India Cellular,0.0112
9184260,India Cellular,0.0112
9184268,India Cellular,0.0112
9184269,India Cellular,0.0112
918427,India Cellular,0.0112
918428,India Cellular,0.0112
918429,India Cellular,0.0112
91843,India Cellular,0.0112
9184400,India Cellular,0.0112
9184408,India Cellular,0.0112
9184409,India Cellular,0.0112
9184410,India Cellular,0.0112
9184418,India Cellular,0.0112
9184419,India Cellular,0.0112
9184420,India Cellular,0.0112
9184428,India Cellular,0.0112
9184429,India Cellular,0.0112
9184430,India Cellular,0.0112
9184438,India Cellular,0.0112
9184439,India Cellular,0.0112
9184440,India Cellular,0.0112
9184448,India Cellular,0.0112
9184449,India Cellular,0.0112
918445,India Cellular,0.0112
918446,India Cellular,0.0112
918447,India Cellular,0.0112
918448,India Cellular,0.0112
918449,India Cellular,0.0112
9184500,India Cellular,0.0112
9184508,India Cellular,0.0112
9184509,India Cellular,0.0112
9184510,India Cellular,0.0112
9184518,India Cellular,0.0112
9184519,India Cellular,0.0112
9184520,India Cellular,0.0112
9184528,India Cellular,0.0112
9184529,India Cellular,0.0112
918453,India Cellular,0.0112
9184540,India Cellular,0.0112
9184548,India Cellular,0.0112
9184549,India Cellular,0.0112
9184550,India Cellular,0.0112
9184558,India Cellular,0.0112
9184559,India Cellular,0.0112
9184560,India Cellular,0.0112
9184568,India Cellular,0.0112
9184569,India Cellular,0.0112
9184570,India Cellular,0.0112
9184578,India Cellular,0.0112
9184579,India Cellular,0.0112
9184580,India Cellular,0.0112
9184588,India Cellular,0.0112
9184589,India Cellular,0.0112
918459,India Cellular,0.0112
918460,India Cellular,0.0112
9184610,India Cellular,0.0112
9184618,India Cellular,0.0112
9184619,India Cellular,0.0112
9184620,India Cellular,0.0112
9184628,India Cellular,0.0112
9184629,India Cellular,0.0112
9184630,India Cellular,0.0112
9184638,India Cellular,0.0112
9184639,India Cellular,0.0112
9184640,India Cellular,0.0112
9184648,India Cellular,0.0112
9184649,India Cellular,0.0112
9184650,India Cellular,0.0112
9184658,India Cellular,0.0112
9184659,India Cellular,0.0112
9184660,India Cellular,0.0112
9184668,India Cellular,0.0112
9184669,India Cellular,0.0112
9184670,India Cellular,0.0112
9184678,India Cellular,0.0112
9184679,India Cellular,0.0112
9184680,India Cellular,0.0112
9184688,India Cellular,0.0112
9184689,India Cellular,0.0112
918469,India Cellular,0.0112
9184700,India Cellular,0.0112
9184708,India Cellular,0.0112
9184709,India Cellular,0.0112
9184710,India Cellular,0.0112
9184718,India Cellular,0.0112
9184719,India Cellular,0.0112
9184720,India Cellular,0.0112
9184728,India Cellular,0.0112
9184729,India Cellular,0.0112
9184730,India Cellular,0.0112
9184738,India Cellular,0.0112
9184739,India Cellular,0.0112
9184740,India Cellular,0.0112
9184748,India Cellular,0.0112
9184749,India Cellular,0.0112
9184750,India Cellular,0.0112
9184758,India Cellular,0.0112
9184759,India Cellular,0.0112
9184760,India Cellular,0.0112
9184768,India Cellular,0.0112
9184769,India Cellular,0.0112
9184770,India Cellular,0.0112
9184778,India Cellular,0.0112
9184779,India Cellular,0.0112
9184780,India Cellular,0.0112
9184788,India Cellular,0.0112
9184789,India Cellular,0.0112
9184790,India Cellular,0.0112
9184798,India Cellular,0.0112
9184799,India Cellular,0.0112
918480,India Cellular,0.0112
9184810,India Cellular,0.0112
9184818,India Cellular,0.0112
9184819,India Cellular,0.0112
9184820,India Cellular,0.0112
9184828,India Cellular,0.0112
9184829,India Cellular,0.0112
9184830,India Cellular,0.0112
9184838,India Cellular,0.0112
9184839,India Cellular,0.0112
9184840,India Cellular,0.0112
9184848,India Cellular,0.0112
9184849,India Cellular,0.0112
9184850,India Cellular,0.0112
9184858,India Cellular,0.0112
9184859,India Cellular,0.0112
918486,India Cellular,0.0112
9184870,India Cellular,0.0112
9184878,India Cellular,0.0112
9184879,India Cellular,0.0112
9184880,India Cellular,0.0112
9184888,India Cellular,0.0112
9184889,India Cellular,0.0112
918489,India Cellular,0.0112
9184900,India Cellular,0.0112
9184908,India Cellular,0.0112
9184909,India Cellular,0.0112
9184910,India Cellular,0.0112
9184918,India Cellular,0.0112
9184919,India Cellular,0.0112
9184920,India Cellular,0.0112
9184928,India Cellular,0.0112
9184929,India Cellular,0.0112
9184930,India Cellular,0.0112
9184938,India Cellular,0.0112
9184939,India Cellular,0.0112
9184940,India Cellular,0.0112
9184948,India Cellular,0.0112
9184949,India Cellular,0.0112
9184950,India Cellular,0.0112
9184958,India Cellular,0.0112
9184959,India Cellular,0.0112
9184960,India Cellular,0.0112
9184968,India Cellular,0.0112
9184969,India Cellular,0.0112
9184970,India Cellular,0.0112
9184978,India Cellular,0.0112
9184979,India Cellular,0.0112
9184980,India Cellular,0.0112
9184988,India Cellular,0.0112
9184989,India Cellular,0.0112
9184990,India Cellular,0.0112
9184998,India Cellular,0.0112
9184999,India Cellular,0.0112
9185010,India Cellular,0.0112
9185018,India Cellular,0.0112
9185019,India Cellular,0.0112
9185020,India Cellular,0.0112
9185028,India Cellular,0.0112
9185029,India Cellular,0.0112
9185030,India Cellular,0.0112
9185038,India Cellular,0.0112
9185039,India Cellular,0.0112
9185040,India Cellular,0.0112
9185048,India Cellular,0.0112
9185049,India Cellular,0.0112
9185050,India Cellular,0.0112
9185058,India Cellular,0.0112
9185059,India Cellular,0.0112
9185060,India Cellular,0.0112
9185068,India Cellular,0.0112
9185069,India Cellular,0.0112
918507,India Cellular,0.0112
918508,India Cellular,0.0112
918509,India Cellular,0.0112
9185100,India Cellular,0.0112
9185108,India Cellular,0.0112
9185109,India Cellular,0.0112
918511,India Cellular,0.0112
9185120,India Cellular,0.0112
9185128,India Cellular,0.0112
9185129,India Cellular,0.0112
9185130,India Cellular,0.0112
9185138,India Cellular,0.0112
9185139,India Cellular,0.0112
9185140,India Cellular,0.0112
9185148,India Cellular,0.0112
9185149,India Cellular,0.0112
9185150,India Cellular,0.0112
9185158,India Cellular,0.0112
9185159,India Cellular,0.0112
9185160,India Cellular,0.0112
9185168,India Cellular,0.0112
9185169,India Cellular,0.0112
9185170,India Cellular,0.0112
9185178,India Cellular,0.0112
9185179,India Cellular,0.0112
9185180,India Cellular,0.0112
9185188,India Cellular,0.0112
9185189,India Cellular,0.0112
9185190,India Cellular,0.0112
9185198,India Cellular,0.0112
9185199,India Cellular,0.0112
9185200,India Cellular,0.0112
9185208,India Cellular,0.0112
9185209,India Cellular,0.0112
918521,India Cellular,0.0112
9185220,India Cellular,0.0112
9185228,India Cellular,0.0112
9185229,India Cellular,0.0112
9185230,India Cellular,0.0112
9185238,India Cellular,0.0112
9185239,India Cellular,0.0112
9185240,India Cellular,0.0112
9185248,India Cellular,0.0112
9185249,India Cellular,0.0112
9185250,India Cellular,0.0112
9185258,India Cellular,0.0112
9185259,India Cellular,0.0112
918526,India Cellular,0.0112
918527,India Cellular,0.0112
918528,India Cellular,0.0112
918529,India Cellular,0.0112
918530,India Cellular,0.0112
9185310,India Cellular,0.0112
9185318,India Cellular,0.0112
9185319,India Cellular,0.0112
9185320,India Cellular,0.0112
9185328,India Cellular,0.0112
9185329,India Cellular,0.0112
9185330,India Cellular,0.0112
9185338,India Cellular,0.0112
9185339,India Cellular,0.0112
9185340,India Cellular,0.0112
9185348,India Cellular,0.0112
9185349,India Cellular,0.0112
9185350,India Cellular,0.0112
9185358,India Cellular,0.0112
9185359,India Cellular,0.0112
9185360,India Cellular,0.0112
9185368,India Cellular,0.0112
9185369,India Cellular,0.0112
9185370,India Cellular,0.0112
9185378,India Cellular,0.0112
9185379,India Cellular,0.0112
9185380,India Cellular,0.0112
9185388,India Cellular,0.0112
9185389,India Cellular,0.0112
9185390,India Cellular,0.0112
9185398,India Cellular,0.0112
9185399,India Cellular,0.0112
9185400,India Cellular,0.0112
9185408,India Cellular,0.0112
9185409,India Cellular,0.0112
9185410,India Cellular,0.0112
9185418,India Cellular,0.0112
9185419,India Cellular,0.0112
9185420,India Cellular,0.0112
9185428,India Cellular,0.0112
9185429,India Cellular,0.0112
9185430,India Cellular,0.0112
9185438,India Cellular,0.0112
9185439,India Cellular,0.0112
9185450,India Cellular,0.0112
9185458,India Cellular,0.0112
9185459,India Cellular,0.0112
9185460,India Cellular,0.0112
9185468,India Cellular,0.0112
9185469,India Cellular,0.0112
9185480,India Cellular,0.0112
9185488,India Cellular,0.0112
9185489,India Cellular,0.0112
9185490,India Cellular,0.0112
9185498,India Cellular,0.0112
9185499,India Cellular,0.0112
9185500,India Cellular,0.0112
9185508,India Cellular,0.0112
9185509,India Cellular,0.0112
9185510,India Cellular,0.0112
9185518,India Cellular,0.0112
9185519,India Cellular,0.0112
9185520,India Cellular,0.0112
9185528,India Cellular,0.0112
9185529,India Cellular,0.0112
918553,India Cellular,0.0112
9185540,India Cellular,0.0112
9185548,India Cellular,0.0112
9185549,India Cellular,0.0112
918555,India Cellular,0.0112
9185560,India Cellular,0.0112
9185568,India Cellular,0.0112
9185569,India Cellular,0.0112
9185570,India Cellular,0.0112
9185578,India Cellular,0.0112
9185579,India Cellular,0.0112
9185580,India Cellular,0.0112
9185588,India Cellular,0.0112
9185589,India Cellular,0.0112
9185590,India Cellular,0.0112
9185598,India Cellular,0.0112
9185599,India Cellular,0.0112
9185600,India Cellular,0.0112
9185608,India Cellular,0.0112
9185609,India Cellular,0.0112
9185610,India Cellular,0.0112
9185618,India Cellular,0.0112
9185619,India Cellular,0.0112
9185620,India Cellular,0.0112
9185628,India Cellular,0.0112
9185629,India Cellular,0.0112
9185630,India Cellular,0.0112
9185638,India Cellular,0.0112
9185639,India Cellular,0.0112
9185640,India Cellular,0.0112
9185648,India Cellular,0.0112
9185649,India Cellular,0.0112
9185650,India Cellular,0.0112
9185658,India Cellular,0.0112
9185659,India Cellular,0.0112
9185660,India Cellular,0.0112
9185668,India Cellular,0.0112
9185669,India Cellular,0.0112
9185670,India Cellular,0.0112
9185678,India Cellular,0.0112
9185679,India Cellular,0.0112
9185680,India Cellular,0.0112
9185688,India Cellular,0.0112
9185689,India Cellular,0.0112
9185690,India Cellular,0.0112
9185698,India Cellular,0.0112
9185699,India Cellular,0.0112
9185700,India Cellular,0.0112
9185708,India Cellular,0.0112
9185709,India Cellular,0.0112
9185710,India Cellular,0.0112
9185718,India Cellular,0.0112
9185719,India Cellular,0.0112
9185720,India Cellular,0.0112
9185728,India Cellular,0.0112
9185729,India Cellular,0.0112
9185730,India Cellular,0.0112
9185738,India Cellular,0.0112
9185739,India Cellular,0.0112
918574,India Cellular,0.0112
918575,India Cellular,0.0112
9185760,India Cellular,0.0112
9185768,India Cellular,0.0112
9185769,India Cellular,0.0112
9185770,India Cellular,0.0112
9185778,India Cellular,0.0112
9185779,India Cellular,0.0112
9185780,India Cellular,0.0112
9185788,India Cellular,0.0112
9185789,India Cellular,0.0112
9185790,India Cellular,0.0112
9185798,India Cellular,0.0112
9185799,India Cellular,0.0112
918580,India Cellular,0.0112
9185810,India Cellular,0.0112
9185818,India Cellular,0.0112
9185819,India Cellular,0.0112
9185820,India Cellular,0.0112
9185828,India Cellular,0.0112
9185829,India Cellular,0.0112
9185830,India Cellular,0.0112
9185838,India Cellular,0.0112
9185839,India Cellular,0.0112
9185840,India Cellular,0.0112
9185848,India Cellular,0.0112
9185849,India Cellular,0.0112
9185850,India Cellular,0.0112
9185858,India Cellular,0.0112
9185859,India Cellular,0.0112
9185860,India Cellular,0.0112
9185868,India Cellular,0.0112
9185869,India Cellular,0.0112
9185870,India Cellular,0.0112
9185878,India Cellular,0.0112
9185879,India Cellular,0.0112
9185880,India Cellular,0.0112
9185888,India Cellular,0.0112
9185889,India Cellular,0.0112
9185890,India Cellular,0.0112
9185898,India Cellular,0.0112
9185899,India Cellular,0.0112
918590,India Cellular,0.0112
918591,India Cellular,0.0112
9185920,India Cellular,0.0112
9185928,India Cellular,0.0112
9185929,India Cellular,0.0112
9185930,India Cellular,0.0112
9185938,India Cellular,0.0112
9185939,India Cellular,0.0112
9185940,India Cellular,0.0112
9185948,India Cellular,0.0112
9185949,India Cellular,0.0112
918595,India Cellular,0.0112
9185960,India Cellular,0.0112
9185968,India Cellular,0.0112
9185969,India Cellular,0.0112
918597,India Cellular,0.0112
9185980,India Cellular,0.0112
9185988,India Cellular,0.0112
9185989,India Cellular,0.0112
9185990,India Cellular,0.0112
9185998,India Cellular,0.0112
9185999,India Cellular,0.0112
91860,India Cellular,0.0112
9186200,India Cellular,0.0112
9186208,India Cellular,0.0112
9186209,India Cellular,0.0112
9186210,India Cellular,0.0112
9186218,India Cellular,0.0112
9186219,India Cellular,0.0112
9186220,India Cellular,0.0112
9186228,India Cellular,0.0112
9186229,India Cellular,0.0112
9186230,India Cellular,0.0112
9186238,India Cellular,0.0112
9186239,India Cellular,0.0112
9186240,India Cellular,0.0112
9186248,India Cellular,0.0112
9186249,India Cellular,0.0112
9186250,India Cellular,0.0112
9186258,India Cellular,0.0112
9186259,India Cellular,0.0112
9186260,India Cellular,0.0112
9186268,India Cellular,0.0112
9186269,India Cellular,0.0112
9186270,India Cellular,0.0112
9186278,India Cellular,0.0112
9186279,India Cellular,0.0112
9186280,India Cellular,0.0112
9186288,India Cellular,0.0112
9186289,India Cellular,0.0112
9186290,India Cellular,0.0112
9186298,India Cellular,0.0112
9186299,India Cellular,0.0112
9186400,India Cellular,0.0112
9186408,India Cellular,0.0112
9186409,India Cellular,0.0112
9186410,India Cellular,0.0112
9186418,India Cellular,0.0112
9186419,India Cellular,0.0112
9186420,India Cellular,0.0112
9186428,India Cellular,0.0112
9186429,India Cellular,0.0112
9186430,India Cellular,0.0112
9186438,India Cellular,0.0112
9186439,India Cellular,0.0112
9186440,India Cellular,0.0112
9186448,India Cellular,0.0112
9186449,India Cellular,0.0112
9186450,India Cellular,0.0112
9186458,India Cellular,0.0112
9186459,India Cellular,0.0112
9186460,India Cellular,0.0112
9186468,India Cellular,0.0112
9186469,India Cellular,0.0112
9186470,India Cellular,0.0112
9186478,India Cellular,0.0112
9186479,India Cellular,0.0112
9186480,India Cellular,0.0112
9186488,India Cellular,0.0112
9186489,India Cellular,0.0112
9186490,India Cellular,0.0112
9186498,India Cellular,0.0112
9186499,India Cellular,0.0112
918650,India Cellular,0.0112
918651,India Cellular,0.0112
918652,India Cellular,0.0112
918653,India Cellular,0.0112
9186540,India Cellular,0.0112
9186548,India Cellular,0.0112
9186549,India Cellular,0.0112
918655,India Cellular,0.0112
9186560,India Cellular,0.0112
9186568,India Cellular,0.0112
9186569,India Cellular,0.0112
918657,India Cellular,0.0112
918658,India Cellular,0.0112
9186590,India Cellular,0.0112
9186598,India Cellular,0.0112
9186599,India Cellular,0.0112
918670,India Cellular,0.0112
9186710,India Cellular,0.0112
9186718,India Cellular,0.0112
9186719,India Cellular,0.0112
9186720,India Cellular,0.0112
9186728,India Cellular,0.0112
9186729,India Cellular,0.0112
9186730,India Cellular,0.0112
9186738,India Cellular,0.0112
9186739,India Cellular,0.0112
9186740,India Cellular,0.0112
9186748,India Cellular,0.0112
9186749,India Cellular,0.0112
918675,India Cellular,0.0112
9186760,India Cellular,0.0112
9186768,India Cellular,0.0112
9186769,India Cellular,0.0112
9186770,India Cellular,0.0112
9186778,India Cellular,0.0112
9186779,India Cellular,0.0112
9186780,India Cellular,0.0112
9186788,India Cellular,0.0112
9186789,India Cellular,0.0112
918679,India Cellular,0.0112
9186800,India Cellular,0.0112
9186808,India Cellular,0.0112
9186809,India Cellular,0.0112
9186810,India Cellular,0.0112
9186818,India Cellular,0.0112
9186819,India Cellular,0.0112
9186820,India Cellular,0.0112
9186828,India Cellular,0.0112
9186829,India Cellular,0.0112
9186830,India Cellular,0.0112
9186838,India Cellular,0.0112
9186839,India Cellular,0.0112
9186840,India Cellular,0.0112
9186848,India Cellular,0.0112
9186849,India Cellular,0.0112
9186850,India Cellular,0.0112
9186858,India Cellular,0.0112
9186859,India Cellular,0.0112
918686,India Cellular,0.0112
918687,India Cellular,0.0112
918688,India Cellular,0.0112
9186890,India Cellular,0.0112
9186898,India Cellular,0.0112
9186899,India Cellular,0.0112
918690,India Cellular,0.0112
9186910,India Cellular,0.0112
9186918,India Cellular,0.0112
9186919,India Cellular,0.0112
9186920,India Cellular,0.0112
9186928,India Cellular,0.0112
9186929,India Cellular,0.0112
9186930,India Cellular,0.0112
9186938,India Cellular,0.0112
9186939,India Cellular,0.0112
9186940,India Cellular,0.0112
9186948,India Cellular,0.0112
9186949,India Cellular,0.0112
918695,India Cellular,0.0112
918696,India Cellular,0.0112
918697,India Cellular,0.0112
918698,India Cellular,0.0112
918699,India Cellular,0.0112
9187100,India Cellular,0.0112
9187108,India Cellular,0.0112
9187109,India Cellular,0.0112
9187110,India Cellular,0.0112
9187118,India Cellular,0.0112
9187119,India Cellular,0.0112
918712,India Cellular,0.0112
9187130,India Cellular,0.0112
9187138,India Cellular,0.0112
9187139,India Cellular,0.0112
918714,India Cellular,0.0112
9187150,India Cellular,0.0112
9187158,India Cellular,0.0112
9187159,India Cellular,0.0112
9187160,India Cellular,0.0112
9187168,India Cellular,0.0112
9187169,India Cellular,0.0112
9187170,India Cellular,0.0112
9187178,India Cellular,0.0112
9187179,India Cellular,0.0112
9187180,India Cellular,0.0112
9187188,India Cellular,0.0112
9187189,India Cellular,0.0112
9187190,India Cellular,0.0112
9187198,India Cellular,0.0112
9187199,India Cellular,0.0112
9187200,India Cellular,0.0112
9187208,India Cellular,0.0112
9187209,India Cellular,0.0112
9187210,India Cellular,0.0112
9187218,India Cellular,0.0112
9187219,India Cellular,0.0112
918722,India Cellular,0.0112
9187230,India Cellular,0.0112
9187238,India Cellular,0.0112
9187239,India Cellular,0.0112
9187240,India Cellular,0.0112
9187248,India Cellular,0.0112
9187249,India Cellular,0.0112
9187250,India Cellular,0.0112
9187258,India Cellular,0.0112
9187259,India Cellular,0.0112
918726,India Cellular,0.0112
9187270,India Cellular,0.0112
9187278,India Cellular,0.0112
9187279,India Cellular,0.0112
9187280,India Cellular,0.0112
9187288,India Cellular,0.0112
9187289,India Cellular,0.0112
9187290,India Cellular,0.0112
9187298,India Cellular,0.0112
9187299,India Cellular,0.0112
9187300,India Cellular,0.0112
9187308,India Cellular,0.0112
9187309,India Cellular,0.0112
9187310,India Cellular,0.0112
9187318,India Cellular,0.0112
9187319,India Cellular,0.0112
9187320,India Cellular,0.0112
9187328,India Cellular,0.0112
9187329,India Cellular,0.0112
9187330,India Cellular,0.0112
9187338,India Cellular,0.0112
9187339,India Cellular,0.0112
9187340,India Cellular,0.0112
9187348,India Cellular,0.0112
9187349,India Cellular,0.0112
9187350,India Cellular,0.0112
9187358,India Cellular,0.0112
9187359,India Cellular,0.0112
9187360,India Cellular,0.0112
9187368,India Cellular,0.0112
9187369,India Cellular,0.0112
9187370,India Cellular,0.0112
9187378,India Cellular,0.0112
9187379,India Cellular,0.0112
9187380,India Cellular,0.0112
9187388,India Cellular,0.0112
9187389,India Cellular,0.0112
9187390,India Cellular,0.0112
9187398,India Cellular,0.0112
9187399,India Cellular,0.0112
9187400,India Cellular,0.0112
9187408,India Cellular,0.0112
9187409,India Cellular,0.0112
9187410,India Cellular,0.0112
9187418,India Cellular,0.0112
9187419,India Cellular,0.0112
9187420,India Cellular,0.0112
9187428,India Cellular,0.0112
9187429,India Cellular,0.0112
9187430,India Cellular,0.0112
9187438,India Cellular,0.0112
9187439,India Cellular,0.0112
9187440,India Cellular,0.0112
9187448,India Cellular,0.0112
9187449,India Cellular,0.0112
9187450,India Cellular,0.0112
9187458,India Cellular,0.0112
9187459,India Cellular,0.0112
9187460,India Cellular,0.0112
9187468,India Cellular,0.0112
9187469,India Cellular,0.0112
9187470,India Cellular,0.0112
9187478,India Cellular,0.0112
9187479,India Cellular,0.0112
9187480,India Cellular,0.0112
9187488,India Cellular,0.0112
9187489,India Cellular,0.0112
9187490,India Cellular,0.0112
9187498,India Cellular,0.0112
9187499,India Cellular,0.0112
918750,India Cellular,0.0112
9187510,India Cellular,0.0112
9187518,India Cellular,0.0112
9187519,India Cellular,0.0112
9187520,India Cellular,0.0112
9187528,India Cellular,0.0112
9187529,India Cellular,0.0112
9187530,India Cellular,0.0112
9187538,India Cellular,0.0112
9187539,India Cellular,0.0112
918754,India Cellular,0.0112
918755,India Cellular,0.0112
918756,India Cellular,0.0112
918757,India Cellular,0.0112
918758,India Cellular,0.0112
918759,India Cellular,0.0112
918760,India Cellular,0.0112
9187610,India Cellular,0.0112
9187618,India Cellular,0.0112
9187619,India Cellular,0.0112
918766,India Cellular,0.0112
918767,India Cellular,0.0112
918768,India Cellular,0.0112
918769,India Cellular,0.0112
91879,India Cellular,0.0112
91880,India Cellular,0.0112
918810,India Cellular,0.0112
9188110,India Cellular,0.0112
9188118,India Cellular,0.0112
9188119,India Cellular,0.0112
9188120,India Cellular,0.0112
9188128,India Cellular,0.0112
9188129,India Cellular,0.0112
9188130,India Cellular,0.0112
9188138,India Cellular,0.0112
9188139,India Cellular,0.0112
9188140,India Cellular,0.0112
9188148,India Cellular,0.0112
9188149,India Cellular,0.0112
918815,India Cellular,0.0112
9188160,India Cellular,0.0112
9188168,India Cellular,0.0112
9188169,India Cellular,0.0112
918817,India Cellular,0.0112
9188180,India Cellular,0.0112
9188188,India Cellular,0.0112
9188189,India Cellular,0.0112
9188190,India Cellular,0.0112
9188198,India Cellular,0.0112
9188199,India Cellular,0.0112
918820,India Cellular,0.0112
9188210,India Cellular,0.0112
9188218,India Cellular,0.0112
9188219,India Cellular,0.0112
918822,India Cellular,0.0112
9188230,India Cellular,0.0112
9188238,India Cellular,0.0112
9188239,India Cellular,0.0112
918824,India Cellular,0.0112
918825,India Cellular,0.0112
918826,India Cellular,0.0112
918827,India Cellular,0.0112
918828,India Cellular,0.0112
9188290,India Cellular,0.0112
9188298,India Cellular,0.0112
9188299,India Cellular,0.0112
9188520,India Cellular,0.0112
9188528,India Cellular,0.0112
9188529,India Cellular,0.0112
918853,India Cellular,0.0112
9188540,India Cellular,0.0112
9188548,India Cellular,0.0112
9188549,India Cellular,0.0112
9188550,India Cellular,0.0112
9188558,India Cellular,0.0112
9188559,India Cellular,0.0112
9188560,India Cellular,0.0112
9188568,India Cellular,0.0112
9188569,India Cellular,0.0112
9188570,India Cellular,0.0112
9188578,India Cellular,0.0112
9188579,India Cellular,0.0112
918858,India Cellular,0.0112
918859,India Cellular,0.0112
918860,India Cellular,0.0112
918861,India Cellular,0.0112
9188620,India Cellular,0.0112
9188628,India Cellular,0.0112
9188629,India Cellular,0.0112
9188630,India Cellular,0.0112
9188638,India Cellular,0.0112
9188639,India Cellular,0.0112
9188640,India Cellular,0.0112
9188648,India Cellular,0.0112
9188649,India Cellular,0.0112
9188650,India Cellular,0.0112
9188658,India Cellular,0.0112
9188659,India Cellular,0.0112
918866,India Cellular,0.0112
918867,India Cellular,0.0112
9188680,India Cellular,0.0112
9188688,India Cellular,0.0112
9188689,India Cellular,0.0112
9188690,India Cellular,0.0112
9188698,India Cellular,0.0112
9188699,India Cellular,0.0112
91887,India Cellular,0.0112
918880,India Cellular,0.0112
918881,India Cellular,0.0112
918882,India Cellular,0.0112
918883,India Cellular,0.0112
918884,India Cellular,0.0112
918885,India Cellular,0.0112
918886,India Cellular,0.0112
918888,India Cellular,0.0112
918889,India Cellular,0.0112
91889,India Cellular,0.0112
918904,India Cellular,0.0112
918905,India Cellular,0.0112
918906,India Cellular,0.0112
918907,India Cellular,0.0112
918908,India Cellular,0.0112
918909,India Cellular,0.0112
9189220,India Cellular,0.0112
9189228,India Cellular,0.0112
9189229,India Cellular,0.0112
918923,India Cellular,0.0112
9189240,India Cellular,0.0112
9189248,India Cellular,0.0112
9189249,India Cellular,0.0112
918925,India Cellular,0.0112
918926,India Cellular,0.0112
918927,India Cellular,0.0112
918928,India Cellular,0.0112
918929,India Cellular,0.0112
918930,India Cellular,0.0112
9189310,India Cellular,0.0112
9189318,India Cellular,0.0112
9189319,India Cellular,0.0112
9189320,India Cellular,0.0112
9189328,India Cellular,0.0112
9189329,India Cellular,0.0112
9189330,India Cellular,0.0112
9189338,India Cellular,0.0112
9189339,India Cellular,0.0112
9189340,India Cellular,0.0112
9189348,India Cellular,0.0112
9189349,India Cellular,0.0112
9189350,India Cellular,0.0112
9189358,India Cellular,0.0112
9189359,India Cellular,0.0112
9189360,India Cellular,0.0112
9189368,India Cellular,0.0112
9189369,India Cellular,0.0112
9189370,India Cellular,0.0112
9189378,India Cellular,0.0112
9189379,India Cellular,0.0112
9189380,India Cellular,0.0112
9189388,India Cellular,0.0112
9189389,India Cellular,0.0112
918939,India Cellular,0.0112
918940,India Cellular,0.0112
9189410,India Cellular,0.0112
9189418,India Cellular,0.0112
9189419,India Cellular,0.0112
9189420,India Cellular,0.0112
9189428,India Cellular,0.0112
9189429,India Cellular,0.0112
918943,India Cellular,0.0112
9189440,India Cellular,0.0112
9189448,India Cellular,0.0112
9189449,India Cellular,0.0112
9189450,India Cellular,0.0112
9189458,India Cellular,0.0112
9189459,India Cellular,0.0112
9189460,India Cellular,0.0112
9189468,India Cellular,0.0112
9189469,India Cellular,0.0112
9189470,India Cellular,0.0112
9189478,India Cellular,0.0112
9189479,India Cellular,0.0112
918948,India Cellular,0.0112
91895,India Cellular,0.0112
918960,India Cellular,0.0112
918961,India Cellular,0.0112
918962,India Cellular,0.0112
9189630,India Cellular,0.0112
9189638,India Cellular,0.0112
9189639,India Cellular,0.0112
9189640,India Cellular,0.0112
9189648,India Cellular,0.0112
9189649,India Cellular,0.0112
9189650,India Cellular,0.0112
9189658,India Cellular,0.0112
9189659,India Cellular,0.0112
9189660,India Cellular,0.0112
9189668,India Cellular,0.0112
9189669,India Cellular,0.0112
918967,India Cellular,0.0112
918968,India Cellular,0.0112
918969,India Cellular,0.0112
91897,India Cellular,0.0112
918980,India Cellular,0.0112
918981,India Cellular,0.0112
918982,India Cellular,0.0112
918983,India Cellular,0.0112
918984,India Cellular,0.0112
91899,India Cellular,0.0112
919,India Cellular,0.0112
917376,India Cellular-BSNL,0.0112
9173820,India Cellular-BSNL,0.0112
9173821,India Cellular-BSNL,0.0112
9173822,India Cellular-BSNL,0.0112
9173823,India Cellular-BSNL,0.0112
9173824,India Cellular-BSNL,0.0112
9173825,India Cellular-BSNL,0.0112
9173826,India Cellular-BSNL,0.0112
9173827,India Cellular-BSNL,0.0112
9173828,India Cellular-BSNL,0.0112
9173829,India Cellular-BSNL,0.0112
917579,India Cellular-BSNL,0.0112
9175870,India Cellular-BSNL,0.0112
9175871,India Cellular-BSNL,0.0112
9175872,India Cellular-BSNL,0.0112
9175873,India Cellular-BSNL,0.0112
9175874,India Cellular-BSNL,0.0112
917588,India Cellular-BSNL,0.0112
9175890,India Cellular-BSNL,0.0112
9175891,India Cellular-BSNL,0.0112
9175892,India Cellular-BSNL,0.0112
9175893,India Cellular-BSNL,0.0112
9175894,India Cellular-BSNL,0.0112
9175895,India Cellular-BSNL,0.0112
917597,India Cellular-BSNL,0.0112
917598,India Cellular-BSNL,0.0112
9175990,India Cellular-BSNL,0.0112
9175991,India Cellular-BSNL,0.0112
9175992,India Cellular-BSNL,0.0112
9175993,India Cellular-BSNL,0.0112
9175994,India Cellular-BSNL,0.0112
917839,India Cellular-BSNL,0.0112
918004,India Cellular-BSNL,0.0112
9180050,India Cellular-BSNL,0.0112
9180051,India Cellular-BSNL,0.0112
9180052,India Cellular-BSNL,0.0112
9180053,India Cellular-BSNL,0.0112
9180054,India Cellular-BSNL,0.0112
918275,India Cellular-BSNL,0.0112
9182770,India Cellular-BSNL,0.0112
9182771,India Cellular-BSNL,0.0112
9182772,India Cellular-BSNL,0.0112
9182773,India Cellular-BSNL,0.0112
9182774,India Cellular-BSNL,0.0112
9182775,India Cellular-BSNL,0.0112
9182776,India Cellular-BSNL,0.0112
9182777,India Cellular-BSNL,0.0112
9182778,India Cellular-BSNL,0.0112
9182800,India Cellular-BSNL,0.0112
9182801,India Cellular-BSNL,0.0112
9182802,India Cellular-BSNL,0.0112
9182803,India Cellular-BSNL,0.0112
9182804,India Cellular-BSNL,0.0112
918281,India Cellular-BSNL,0.0112
9183000,India Cellular-BSNL,0.0112
9183001,India Cellular-BSNL,0.0112
9183309,India Cellular-BSNL,0.0112
9183310,India Cellular-BSNL,0.0112
9183318,India Cellular-BSNL,0.0112
9183319,India Cellular-BSNL,0.0112
9183320,India Cellular-BSNL,0.0112
9183328,India Cellular-BSNL,0.0112
9183329,India Cellular-BSNL,0.0112
9183330,India Cellular-BSNL,0.0112
9183338,India Cellular-BSNL,0.0112
9183339,India Cellular-BSNL,0.0112
918500,India Cellular-BSNL,0.0112
9185440,India Cellular-BSNL,0.0112
9185441,India Cellular-BSNL,0.0112
9185442,India Cellular-BSNL,0.0112
9185443,India Cellular-BSNL,0.0112
9185444,India Cellular-BSNL,0.0112
9185470,India Cellular-BSNL,0.0112
9185471,India Cellular-BSNL,0.0112
9185472,India Cellular-BSNL,0.0112
9185473,India Cellular-BSNL,0.0112
9185474,India Cellular-BSNL,0.0112
9185475,India Cellular-BSNL,0.0112
9185476,India Cellular-BSNL,0.0112
9185477,India Cellular-BSNL,0.0112
9185478,India Cellular-BSNL,0.0112
9185479,India Cellular-BSNL,0.0112
918762,India Cellular-BSNL,0.0112
9187630,India Cellular-BSNL,0.0112
9187631,India Cellular-BSNL,0.0112
9187632,India Cellular-BSNL,0.0112
9187633,India Cellular-BSNL,0.0112
9187634,India Cellular-BSNL,0.0112
9187635,India Cellular-BSNL,0.0112
9187636,India Cellular-BSNL,0.0112
9187637,India Cellular-BSNL,0.0112
9187638,India Cellular-BSNL,0.0112
9187639,India Cellular-BSNL,0.0112
9187640,India Cellular-BSNL,0.0112
9187641,India Cellular-BSNL,0.0112
9187642,India Cellular-BSNL,0.0112
9187643,India Cellular-BSNL,0.0112
9187644,India Cellular-BSNL,0.0112
9187645,India Cellular-BSNL,0.0112
9187646,India Cellular-BSNL,0.0112
9187647,India Cellular-BSNL,0.0112
9187650,India Cellular-BSNL,0.0112
9187651,India Cellular-BSNL,0.0112
9187652,India Cellular-BSNL,0.0112
9187653,India Cellular-BSNL,0.0112
9187654,India Cellular-BSNL,0.0112
9187655,India Cellular-BSNL,0.0112
9187656,India Cellular-BSNL,0.0112
9187657,India Cellular-BSNL,0.0112
9187658,India Cellular-BSNL,0.0112
9187659,India Cellular-BSNL,0.0112
918887,India Cellular-BSNL,0.0112
918895,India Cellular-BSNL,0.0112
918900,India Cellular-BSNL,0.0112
9189010,India Cellular-BSNL,0.0112
9189011,India Cellular-BSNL,0.0112
9189012,India Cellular-BSNL,0.0112
9189013,India Cellular-BSNL,0.0112
9189014,India Cellular-BSNL,0.0112
9189015,India Cellular-BSNL,0.0112
9189020,India Cellular-BSNL,0.0112
9189021,India Cellular-BSNL,0.0112
9189022,India Cellular-BSNL,0.0112
9189023,India Cellular-BSNL,0.0112
9189024,India Cellular-BSNL,0.0112
9189025,India Cellular-BSNL,0.0112
9189026,India Cellular-BSNL,0.0112
9189027,India Cellular-BSNL,0.0112
918903,India Cellular-BSNL,0.0112
918985,India Cellular-BSNL,0.0112
918986,India Cellular-BSNL,0.0112
9189870,India Cellular-BSNL,0.0112
9189871,India Cellular-BSNL,0.0112
9189872,India Cellular-BSNL,0.0112
9189873,India Cellular-BSNL,0.0112
9189874,India Cellular-BSNL,0.0112
9189875,India Cellular-BSNL,0.0112
9189876,India Cellular-BSNL,0.0112
9189877,India Cellular-BSNL,0.0112
9189880,India Cellular-BSNL,0.0112
9189881,India Cellular-BSNL,0.0112
9189882,India Cellular-BSNL,0.0112
9189883,India Cellular-BSNL,0.0112
9189884,India Cellular-BSNL,0.0112
918989,India Cellular-BSNL,0.0112
91918,India Cellular-BSNL,0.0112
919190,India Cellular-BSNL,0.0112
919191,India Cellular-BSNL,0.0112
919192,India Cellular-BSNL,0.0112
919193,India Cellular-BSNL,0.0112
919194,India Cellular-BSNL,0.0112
919195,India Cellular-BSNL,0.0112
919196,India Cellular-BSNL,0.0112
919197,India Cellular-BSNL,0.0112
9194,India Cellular-BSNL,0.0112
919530,India Cellular-BSNL,0.0112
9195310,India Cellular-BSNL,0.0112
9195315,India Cellular-BSNL,0.0112
9195316,India Cellular-BSNL,0.0112
9195317,India Cellular-BSNL,0.0112
9195318,India Cellular-BSNL,0.0112
9195319,India Cellular-BSNL,0.0112
919532,India Cellular-BSNL,0.0112
919682,India Cellular-BSNL,0.0112
919683,India Cellular-BSNL,0.0112
919684,India Cellular-BSNL,0.0112
